AddressKey,AddressKeyOfNds,FullAddress,StreetTypeName,Latitude,Longitude,Location,CreateTimeStamp,UpdateTimeStamp,SourceSystemCode,SourceFolder
1,1,2400 W PETERSON,OTHER,41.990609009800004,-87.689735480899998,(41.9906090098, -87.6897354809),2025-06-27 21:17:51.173000000,,2,2017-09-30
2,2,3400 W NORTH AVE,AVENUE,41.910162846799999,-87.711953867700004,(41.9101628468, -87.7119538677),2025-06-27 21:17:51.173000000,,2,2017-09-30
3,3,800 W 103RD STREET,STREET,41.707026319800001,-87.642896007399997,(41.7070263198, -87.6428960074),2025-06-27 21:17:51.173000000,,2,2017-09-30
4,4,3600 N AUSTIN AVENUE,AVENUE,41.945813214700003,-87.776652161599998,(41.9458132147, -87.7766521616),2025-06-27 21:17:51.173000000,,2,2017-09-30
5,5,3800 W MADISON STREET,STREET,41.880897273499997,-87.720881226100005,(41.8808972735, -87.7208812261),2025-06-27 21:17:51.173000000,,2,2017-09-30
6,6,2400 W CERMAK ROAD,ROAD,41.8521413068,-87.685752641600004,(41.8521413068, -87.6857526416),2025-06-27 21:17:51.173000000,,2,2017-09-30
7,7,6000 N CICERO AVENUE,AVENUE,41.989973915100002,-87.748473024299997,(41.9899739151, -87.7484730243),2025-06-27 21:17:51.173000000,,2,2017-09-30
8,8,1200 N ASHLAND AVENUE,AVENUE,41.903377467600002,-87.667643142299994,(41.9033774676, -87.6676431423),2025-06-27 21:17:51.173000000,,2,2017-09-30
9,9,2400 N DAMEN AVE,AVENUE,41.925038006400001,-87.678047191000005,(41.9250380064, -87.678047191),2025-06-27 21:17:51.173000000,,2,2017-09-30
10,10,7100 S KEDZIE AVENUE,AVENUE,41.7642950368,-87.702957162100006,(41.7642950368, -87.7029571621),2025-06-27 21:17:51.173000000,,2,2017-09-30
11,11,2400 W DIVERSEY AVENUE,AVENUE,41.932287183,-87.687950093400005,(41.932287183, -87.6879500934),2025-06-27 21:17:51.173000000,,2,2017-09-30
12,12,5500 S ASHLAND AVENUE,AVENUE,41.793590115900003,-87.664720995899998,(41.7935901159, -87.6647209959),2025-06-27 21:17:51.173000000,,2,2017-09-30
13,13,1600 W 71ST,OTHER,41.765018305600002,-87.663859230100002,(41.7650183056, -87.6638592301),2025-06-27 21:17:51.173000000,,2,2017-09-30
14,14,2400 N PULASKI RD,ROAD,41.924572574199999,-87.726919111399994,(41.9245725742, -87.7269191114),2025-06-27 21:17:51.173000000,,2,2017-09-30
15,15,9500 S JEFFERY AVE,AVENUE,41.722375907,-87.575499903299999,(41.722375907, -87.5754999033),2025-06-27 21:17:51.173000000,,2,2017-09-30
16,16,4800 W ARMITAGE AVENUE,AVENUE,41.917041992000001,-87.746176094600003,(41.917041992, -87.7461760946),2025-06-27 21:17:51.173000000,,2,2017-09-30
17,17,7100 S ASHLAND,OTHER,41.764859382399997,-87.663940176300002,(41.7648593824, -87.6639401763),2025-06-27 21:17:51.173000000,,2,2017-09-30
18,18,3200 N PULASKI RD,ROAD,41.939138153499997,-87.727333710099998,(41.9391381535, -87.7273337101),2025-06-27 21:17:51.173000000,,2,2017-09-30
19,19,7900 S PULASKI ROAD,ROAD,41.749339000100001,-87.722052090899993,(41.7493390001, -87.7220520909),2025-06-27 21:17:51.173000000,,2,2017-09-30
20,20,2400 W MONTROSE AVENUE,AVENUE,41.961421726399998,-87.688746979800001,(41.9614217264, -87.6887469798),2025-06-27 21:17:51.173000000,,2,2017-09-30
21,21,6400 W FOSTER,OTHER,41.975762574500003,-87.787934295499994,(41.9757625745, -87.7879342955),2025-06-27 21:17:51.173000000,,2,2017-09-30
22,22,4000 W CERMAK,OTHER,41.851654368699997,-87.724882975300005,(41.8516543687, -87.7248829753),2025-06-27 21:17:51.173000000,,2,2017-09-30
23,23,3200 N CENTRAL AVENUE,AVENUE,41.938617463299998,-87.7666482968,(41.9386174633, -87.7666482968),2025-06-27 21:17:51.173000000,,2,2017-09-30
24,24,4000 W FULLERTON AVE,AVENUE,41.9245930218,-87.726819268400007,(41.9245930218, -87.7268192684),2025-06-27 21:17:51.173000000,,2,2017-09-30
25,25,4000 W FOSTER AVE,AVENUE,41.975640616200003,-87.728335469300006,(41.9756406162, -87.7283354693),2025-06-27 21:17:51.173000000,,2,2017-09-30
26,26,2400 W PERSHING ROAD,ROAD,41.823096760200002,-87.685018950599996,(41.8230967602, -87.6850189506),2025-06-27 21:17:51.173000000,,2,2017-09-30
27,27,2400 W 51ST ST,STREET,41.801257491999998,-87.684281115600001,(41.801257492, -87.6842811156),2025-06-27 21:17:51.173000000,,2,2017-09-30
28,28,5930 N CLARK STREET,STREET,41.989298630100002,-87.670104121099996,(41.9892986301, -87.6701041211),2025-06-27 21:17:51.173000000,,2,2017-09-30
29,29,3216 W ADDISON ST,STREET,41.9467347549,-87.708609773600003,(41.9467347549, -87.7086097736),2025-06-27 21:17:51.173000000,,2,2017-09-30
30,30,3200 W BELMONT,OTHER,41.939440561200001,-87.707718516300005,(41.9394405612, -87.7077185163),2025-06-27 21:17:51.173000000,,2,2017-09-30
31,31,2000 W DIVISION,OTHER,41.903298792699999,-87.677383247400002,(41.9032987927, -87.6773832474),2025-06-27 21:17:51.173000000,,2,2017-09-30
32,32,4800 W FULLERTON AVE,AVENUE,41.924347036,-87.746427639700002,(41.924347036, -87.7464276397),2025-06-27 21:17:51.173000000,,2,2017-09-30
33,33,4400 N PULASKI ROAD,ROAD,41.961023721300002,-87.727977456000005,(41.9610237213, -87.727977456),2025-06-27 21:17:51.173000000,,2,2017-09-30
34,34,2800 N DAMEN AVENUE,AVENUE,41.932329494100003,-87.6782827193,(41.9323294941, -87.6782827193),2025-06-27 21:17:51.173000000,,2,2017-09-30
35,35,800 W 99TH ST,STREET,41.714323337000003,-87.643066714200003,(41.714323337, -87.6430667142),2025-06-27 21:17:51.173000000,,2,2017-09-30
36,36,3500 S WESTERN,OTHER,41.830187255299997,-87.685177925100007,(41.8301872553, -87.6851779251),2025-06-27 21:17:51.173000000,,2,2017-09-30
37,37,3200 W 63RD ST,STREET,41.779081504899999,-87.703260365399998,(41.7790815049, -87.7032603654),2025-06-27 21:17:51.173000000,,2,2017-09-30
38,38,6300 S DAMEN AVENUE,AVENUE,41.779226920699998,-87.674052731399996,(41.7792269207, -87.6740527314),2025-06-27 21:17:51.173000000,,2,2017-09-30
39,39,11100 S HALSTED ST,STREET,41.692263123399997,-87.642522687600007,(41.6922631234, -87.6425226876),2025-06-27 21:17:51.173000000,,2,2017-09-30
40,40,6700 S STONY ISLAND A,AVENUE,41.773292895899999,-87.586442368299998,(41.7732928959, -87.5864423683),2025-06-27 21:17:51.173000000,,2,2017-09-30
41,41,800 N PULASKI ROAD,ROAD,41.895456456799998,-87.726230540499998,(41.8954564568, -87.7262305405),2025-06-27 21:17:51.173000000,,2,2017-09-30
42,42,200 W GARFIELD BLVD,BOULEVARD,41.794670384699998,-87.630547476100006,(41.7946703847, -87.6305474761),2025-06-27 21:17:51.173000000,,2,2017-09-30
43,43,11900 S HALSTED,OTHER,41.677720829199998,-87.642051844999997,(41.6777208292, -87.642051845),2025-06-27 21:17:51.173000000,,2,2017-09-30
44,44,1900 N ASHLAND AVE,AVENUE,41.916147281000001,-87.667947353499997,(41.916147281, -87.6679473535),2025-06-27 21:17:51.173000000,,2,2017-09-30
45,45,6000 W DIVERSEY AVENUE,AVENUE,41.931248623599998,-87.776028611699999,(41.9312486236, -87.7760286117),2025-06-27 21:17:51.173000000,,2,2017-09-30
46,46,5200 S CICERO AVE,AVENUE,41.798558278199998,-87.743071866199998,(41.7985582782, -87.7430718662),2025-06-27 21:17:51.173000000,,2,2017-09-30
47,47,2416 S BLUE ISLAND AV,AVENUE,41.8484586334,-87.676271269099999,(41.8484586334, -87.6762712691),2025-06-27 21:17:51.173000000,,2,2017-09-30
48,48,4700 S CICERO AVE,AVENUE,41.807530372899997,-87.743296821200005,(41.8075303729, -87.7432968212),2025-06-27 21:17:51.173000000,,2,2017-09-30
49,49,1600 W GARFIELD BLVD,BOULEVARD,41.794133220200003,-87.664645263200001,(41.7941332202, -87.6646452632),2025-06-27 21:17:51.173000000,,2,2017-09-30
50,50,5400 S ARCHER AVE,AVENUE,41.798758207799999,-87.743020541500002,(41.7987582078, -87.7430205415),2025-06-27 21:17:51.173000000,,2,2017-09-30
51,51,800 N CICERO AVENUE,AVENUE,41.895049038000003,-87.7459555163,(41.895049038, -87.7459555163),2025-06-27 21:17:51.173000000,,2,2017-09-30
52,52,800 W ROOSEVELT ROAD,ROAD,41.867263098400002,-87.646972685999998,(41.8672630984, -87.646972686),2025-06-27 21:17:51.173000000,,2,2017-09-30
53,53,7600 S STONY ISLAND A,AVENUE,41.756897172599999,-87.586234285100005,(41.7568971726, -87.5862342851),2025-06-27 21:17:51.173000000,,2,2017-09-30
54,54,400 E 31ST STREET,STREET,41.838534018099999,-87.617046113499995,(41.8385340181, -87.6170461135),2025-06-27 21:17:51.173000000,,2,2017-09-30
55,55,800 W DIVISION,OTHER,41.903745557299999,-87.648167010600005,(41.9037455573, -87.6481670106),2025-06-27 21:17:51.173000000,,2,2017-09-30
56,56,4700 S WESTERN AVENUE,AVENUE,41.808378407900001,-87.684570716899998,(41.8083784079, -87.6845707169),2025-06-27 21:17:51.173000000,,2,2017-09-30
57,57,3100 S CALIFORNIA,OTHER,41.837277050399997,-87.695172246499993,(41.8372770504, -87.6951722465),2025-06-27 21:17:51.173000000,,2,2017-09-30
58,58,6800 W GRAND AVENUE,AVENUE,41.923708192900001,-87.795300781199998,(41.9237081929, -87.7953007812),2025-06-27 21:17:51.173000000,,2,2017-09-30
59,59,2800 N CALIFORNIA AVE,AVENUE,41.932120719099998,-87.697765300399993,(41.9321207191, -87.6977653004),2025-06-27 21:17:51.173000000,,2,2017-09-30
60,60,1200 S PULASKI ROAD,ROAD,41.866079337199999,-87.725305994899998,(41.8660793372, -87.7253059949),2025-06-27 21:17:51.173000000,,2,2017-09-30
61,61,5075 W MONTROSE AVENUE,AVENUE,41.960522088200001,-87.754371423999999,(41.9605220882, -87.754371424),2025-06-27 21:17:51.173000000,,2,2017-09-30
62,62,11100 S VINCENNES AVE,AVENUE,41.692160998699997,-87.663472468699993,(41.6921609987, -87.6634724687),2025-06-27 21:17:51.173000000,,2,2017-09-30
63,63,5200 N NORTHWEST HWY,HIGHWAY,41.975153718900003,-87.768620360200003,(41.9751537189, -87.7686203602),2025-06-27 21:17:51.173000000,,2,2017-09-30
64,64,6400 W IRVING PK,PARKWAY,41.953024750799997,-87.786683237700004,(41.9530247508, -87.7866832377),2025-06-27 21:17:51.173000000,,2,2017-09-30
65,65,4000 W DIVERSEY AVENUE,AVENUE,41.931897723100001,-87.727105030499999,(41.9318977231, -87.7271050305),2025-06-27 21:17:51.173000000,,2,2017-09-30
66,66,800 N CENTRAL AVENUE,AVENUE,41.894896579399997,-87.765543258500003,(41.8948965794, -87.7655432585),2025-06-27 21:17:51.173000000,,2,2017-09-30
67,67,1 S HALSTED STREET,STREET,41.881717055599999,-87.647210539200003,(41.8817170556, -87.6472105392),2025-06-27 21:17:51.173000000,,2,2017-09-30
68,68,8700 S LAFAYETTE AVEN,AVENUE,41.736165110100004,-87.625587569000004,(41.7361651101, -87.625587569),2025-06-27 21:17:51.173000000,,2,2017-09-30
69,69,3600 N HARLEM AVENUE,AVENUE,41.9453384125,-87.807154769099995,(41.9453384125, -87.8071547691),2025-06-27 21:17:51.173000000,,2,2017-09-30
70,70,7432 W TOUHY AVENUE,AVENUE,42.011661765100001,-87.812781431100007,(42.0116617651, -87.8127814311),2025-06-27 21:17:51.173000000,,2,2017-09-30
71,71,4000 N AUSTIN AVENUE,AVENUE,41.953144059000003,-87.776925284200004,(41.953144059, -87.7769252842),2025-06-27 21:17:51.173000000,,2,2017-09-30
72,72,6000 W IRVING PARK ROAD,ROAD,41.953163771900002,-87.776842592799994,(41.9531637719, -87.7768425928),2025-06-27 21:17:51.173000000,,2,2017-09-30
73,73,2400 N CICERO AVE,AVENUE,41.924283589799998,-87.746450190299996,(41.9242835898, -87.7464501903),2025-06-27 21:17:51.173000000,,2,2017-09-30
74,74,4800 W DIVERSEY AVENUE,AVENUE,41.931641420399998,-87.746719910600007,(41.9316414204, -87.7467199106),2025-06-27 21:17:51.173000000,,2,2017-09-30
75,75,3200 N KEDZIE AVENUE,AVENUE,41.939351730299997,-87.707846593599996,(41.9393517303, -87.7078465936),2025-06-27 21:17:51.173000000,,2,2017-09-30
76,76,9500 S COTTAGE GROVE,OTHER,41.721970465200002,-87.603348040100002,(41.7219704652, -87.6033480401),2025-06-27 21:17:51.173000000,,2,2017-09-30
77,77,6200 N KIMBALL AVENUE,AVENUE,41.993841437100002,-87.714242493,(41.9938414371, -87.714242493),2025-06-27 21:17:51.173000000,,2,2017-09-30
78,78,4700 S ASHLAND AVENUE,AVENUE,41.808511597200003,-87.6651172917,(41.8085115972, -87.6651172917),2025-06-27 21:17:51.173000000,,2,2017-09-30
79,79,1600 W 63RD STREET,STREET,41.779570436199997,-87.6642938751,(41.7795704362, -87.6642938751),2025-06-27 21:17:51.173000000,,2,2017-09-30
80,80,2400 W 79TH ST,STREET,41.750220167999998,-87.682817692499995,(41.750220168, -87.6828176925),2025-06-27 21:17:51.173000000,,2,2017-09-30
81,81,7900 S KEDZIE AVE,AVENUE,41.7497239717,-87.702539571700001,(41.7497239717, -87.7025395717),2025-06-27 21:17:51.173000000,,2,2017-09-30
82,82,5100 S WESTERN BLVD,BOULEVARD,41.801080203600002,-87.683818208899993,(41.8010802036, -87.6838182089),2025-06-27 21:17:51.173000000,,2,2017-09-30
83,83,1600 W LAWRENCE AVENUE,AVENUE,41.968987456500003,-87.6695163065,(41.9689874565, -87.6695163065),2025-06-27 21:17:51.173000000,,2,2017-09-30
84,84,5200 N BROADWAY ST,STREET,41.976412142900003,-87.660015082100003,(41.9764121429, -87.6600150821),2025-06-27 21:17:51.173000000,,2,2017-09-30
85,85,9900 S HALSTED ST,STREET,41.714118868100002,-87.643145408199999,(41.7141188681, -87.6431454082),2025-06-27 21:17:51.173000000,,2,2017-09-30
86,86,2000 W FULLERTON AVE,AVENUE,41.925134943700002,-87.677963545500006,(41.9251349437, -87.6779635455),2025-06-27 21:17:51.173000000,,2,2017-09-30
87,87,2400 N LARAMIE AVENUE,AVENUE,41.924151874300001,-87.756294661799998,(41.9241518743, -87.7562946618),2025-06-27 21:17:51.173000000,,2,2017-09-30
88,88,400 N CENTRAL AVENUE,AVENUE,41.887804620499999,-87.765268498099999,(41.8878046205, -87.7652684981),2025-06-27 21:17:51.173000000,,2,2017-09-30
89,89,4000 W BELMONT AVE,AVENUE,41.939203749900003,-87.727310134099994,(41.9392037499, -87.7273101341),2025-06-27 21:17:51.173000000,,2,2017-09-30
90,90,5600 W ADDISON STREET,STREET,41.9459851043,-87.766879951700005,(41.9459851043, -87.7668799517),2025-06-27 21:17:51.173000000,,2,2017-09-30
91,91,7200 W BELMONT AVE,AVENUE,41.938105479400001,-87.806809552399997,(41.9381054794, -87.8068095524),2025-06-27 21:17:51.173000000,,2,2017-09-30
92,92,2800 W DEVON AVENUE,AVENUE,41.997669522899997,-87.699706423199999,(41.9976695229, -87.6997064232),2025-06-27 21:17:51.173000000,,2,2017-09-30
93,93,4800 W CHICAGO AVENUE,AVENUE,41.895112218599998,-87.745932427,(41.8951122186, -87.745932427),2025-06-27 21:17:51.173000000,,2,2017-09-30
94,94,1200 S CANAL STREET,STREET,41.867175124699997,-87.639375812599994,(41.8671751247, -87.6393758126),2025-06-27 21:17:51.173000000,,2,2017-09-30
95,95,2400 W CHICAGO AVE,AVENUE,41.895851041100002,-87.686968934700005,(41.8958510411, -87.6869689347),2025-06-27 21:17:51.173000000,,2,2017-09-30
96,96,4000 N PULASKI ROAD,ROAD,41.953737051399997,-87.727766611800007,(41.9537370514, -87.7277666118),2025-06-27 21:17:51.173000000,,2,2017-09-30
97,97,4800 W 47TH ST,STREET,41.807727016800001,-87.743229365700003,(41.8077270168, -87.7432293657),2025-06-27 21:17:51.173000000,,2,2017-09-30
98,98,2000 E 95TH ST,STREET,41.722579473099998,-87.575292522500007,(41.7225794731, -87.5752925225),2025-06-27 21:17:51.173000000,,2,2017-09-30
99,99,1200 N HALSTED,OTHER,41.903698307699997,-87.648245350600007,(41.9036983077, -87.6482453506),2025-06-27 21:17:51.173000000,,2,2017-09-30
100,100,800 W 79TH STREET,STREET,41.750751157499998,-87.644107793000003,(41.7507511575, -87.644107793),2025-06-27 21:17:51.173000000,,2,2017-09-30
101,101,2426 N DAMEN AVE,AVENUE,41.925731713700003,-87.678088896199995,(41.9257317137, -87.6780888962),2025-06-27 21:17:51.173000000,,2,2017-09-30
102,102,4800 W HARRISON STREET,STREET,41.8732454644,-87.745117178900003,(41.8732454644, -87.7451171789),2025-06-27 21:17:51.173000000,,2,2017-09-30
103,103,1200 W FOSTER AVE,AVENUE,41.9764319202,-87.659931806000003,(41.9764319202, -87.659931806),2025-06-27 21:17:51.173000000,,2,2017-09-30
104,104,4000 W CHICAGO AVENUE,AVENUE,41.8954767516,-87.726144359900005,(41.8954767516, -87.7261443599),2025-06-27 21:17:51.173000000,,2,2017-09-30
105,105,1600 E 79TH ST,STREET,41.751611523299999,-87.585592284300006,(41.7516115233, -87.5855922843),2025-06-27 21:17:51.173000000,,2,2017-09-30
106,106,4800 W NORTH AVENUE,AVENUE,41.9097338901,-87.746244973000003,(41.9097338901, -87.746244973),2025-06-27 21:17:51.173000000,,2,2017-09-30
107,107,8300 S STONY ISLAND A,AVENUE,41.744151639000002,-87.585945066999997,(41.744151639, -87.585945067),2025-06-27 21:17:51.173000000,,2,2017-09-30
108,108,100 W CHICAGO AVENUE,AVENUE,41.8967443469,-87.631321248199995,(41.8967443469, -87.6313212482),2025-06-27 21:17:51.173000000,,2,2017-09-30
109,109,2400 N CLARK ST,STREET,41.925597623000002,-87.640650973099994,(41.925597623, -87.6406509731),2025-06-27 21:17:51.173000000,,2,2017-09-30
110,110,800 E 95TH STREET,STREET,41.722153938799998,-87.604447735600004,(41.7221539388, -87.6044477356),2025-06-27 21:17:51.173000000,,2,2017-09-30
111,111,2400 N HALSTED STREET,STREET,41.925540315399999,-87.6489121555,(41.9255403154, -87.6489121555),2025-06-27 21:17:51.173000000,,2,2017-09-30
112,112,5700 S CORNELL DRIVE,DRIVE,41.791580204299997,-87.585564215199994,(41.7915802043, -87.5855642152),2025-06-27 21:17:51.173000000,,2,2017-09-30
113,113,4800 N WESTERN AVENUE,AVENUE,41.968640727500002,-87.689054240800004,(41.9686407275, -87.6890542408),2025-06-27 21:17:51.173000000,,2,2017-09-30
114,114,8700 S VINCENNES,OTHER,41.736006564599997,-87.645341818999995,(41.7360065646, -87.645341819),2025-06-27 21:17:51.173000000,,2,2017-09-30
115,115,4000 W MONTROSE AVENUE,AVENUE,41.961055803699999,-87.727891205999995,(41.9610558037, -87.727891206),2025-06-27 21:17:51.173000000,,2,2017-09-30
116,116,4800 W PETERSON AVENUE,AVENUE,41.990008007299998,-87.748376951200001,(41.9900080073, -87.7483769512),2025-06-27 21:17:51.173000000,,2,2017-09-30
117,117,2800 N ASHLAND AVENUE,AVENUE,41.932445362000003,-87.668542849600001,(41.932445362, -87.6685428496),2025-06-27 21:17:51.173000000,,2,2017-09-30
118,118,2800 N CICERO AVENUE,AVENUE,41.931575608400003,-87.746743301099997,(41.9315756084, -87.7467433011),2025-06-27 21:17:51.173000000,,2,2017-09-30
119,119,5200 N SHERIDAN ROAD,ROAD,41.976492720800003,-87.655133604599996,(41.9764927208, -87.6551336046),2025-06-27 21:17:51.173000000,,2,2017-09-30
120,120,3200 W IRVING PARK ROAD,ROAD,41.954029046899997,-87.708077493800005,(41.9540290469, -87.7080774938),2025-06-27 21:17:51.173000000,,2,2017-09-30
121,121,1600 N WESTERN AVE,AVENUE,41.910409023600003,-87.687370268400002,(41.9104090236, -87.6873702684),2025-06-27 21:17:51.173000000,,2,2017-09-30
122,122,1000 W HOLLYWOOD AVE,AVENUE,41.985649798600001,-87.655335806599993,(41.9856497986, -87.6553358066),2025-06-27 21:17:51.173000000,,2,2017-09-30
123,123,3200 W 79TH ST,STREET,41.749952001399997,-87.702448478099996,(41.7499520014, -87.7024484781),2025-06-27 21:17:51.173000000,,2,2017-09-30
124,124,4000 W ARMITAGE AVENUE,AVENUE,41.917275069399999,-87.726622746399997,(41.9172750694, -87.7266227464),2025-06-27 21:17:51.173000000,,2,2017-09-30
125,125,3000 W CHICAGO AVENUE,AVENUE,41.895704524899998,-87.702218523499994,(41.8957045249, -87.7022185235),2025-06-27 21:17:51.173000000,,2,2017-09-30
126,126,1600 E 95TH STREET,STREET,41.722449457000003,-87.585003569099996,(41.722449457, -87.5850035691),2025-06-27 21:17:51.173000000,,2,2017-09-30
127,127,5200 N PULASKI RD,ROAD,41.975620739699998,-87.728383135100003,(41.9756207397, -87.7283831351),2025-06-27 21:17:51.173000000,,2,2017-09-30
128,128,2800 N CENTRAL AVENUE,AVENUE,41.931365552400003,-87.766396528800001,(41.9313655524, -87.7663965288),2025-06-27 21:17:51.173000000,,2,2017-09-30
129,129,4800 N ELSTON AVENUE,AVENUE,41.968039361400002,-87.740283894499996,(41.9680393614, -87.7402838945),2025-06-27 21:17:51.173000000,,2,2017-09-30
130,130,800 W FULLERTON AVENUE,AVENUE,41.925562791099999,-87.648823641500002,(41.9255627911, -87.6488236415),2025-06-27 21:17:51.173000000,,2,2017-09-30
131,131,1300 W IRVING PARK ROAD,ROAD,41.954487566899999,-87.662293495900002,(41.9544875669, -87.6622934959),2025-06-27 21:17:51.173000000,,2,2017-09-30
132,132,4000 W 79TH STREET,STREET,41.749679358800002,-87.7219783452,(41.7496793588, -87.7219783452),2025-06-27 21:17:51.173000000,,2,2017-09-30
133,133,1600 W 95TH STREET,STREET,41.721324412000001,-87.662724152699994,(41.721324412, -87.6627241527),2025-06-27 21:17:51.173000000,,2,2017-09-30
134,134,3600 N CENTRAL AVENUE,AVENUE,41.945919490599998,-87.766904594300001,(41.9459194906, -87.7669045943),2025-06-27 21:17:51.173000000,,2,2017-09-30
135,135,3200 N LAKESHORE DRIV,DRIVE,41.940909163299999,-87.639369160000001,(41.9409091633, -87.63936916),2025-06-27 21:17:51.173000000,,2,2017-09-30
136,136,2400 W FOSTER AVE,AVENUE,41.976000189799997,-87.6892750839,(41.9760001898, -87.6892750839),2025-06-27 21:17:51.173000000,,2,2017-09-30
137,137,1600 W DIVISION STREET,STREET,41.903455316500001,-87.667558994000004,(41.9034553165, -87.667558994),2025-06-27 21:17:51.173000000,,2,2017-09-30
138,138,0 S CENTRAL AVENUE,AVENUE,41.880195557699999,-87.765010146600005,(41.8801955577, -87.7650101466),2025-06-27 21:17:51.173000000,,2,2017-09-30
139,139,2800 W PETERSON AVENUE,AVENUE,41.990552081700002,-87.6994643962,(41.9905520817, -87.6994643962),2025-06-27 21:17:51.173000000,,2,2017-09-30
140,140,3200 N HARLEM AVE,AVENUE,41.938084468200003,-87.806896748900002,(41.9380844682, -87.8068967489),2025-06-27 21:17:51.173000000,,2,2017-09-30
141,141,1200 N PULASKI ROAD,ROAD,41.9027139019,-87.7264514572,(41.9027139019, -87.7264514572),2025-06-27 21:17:51.173000000,,2,2017-09-30
142,142,140 W KINZIE,OTHER,41.889297219500001,-87.632601648199994,(41.8892972195, -87.6326016482),2025-06-27 21:17:51.173000000,,2,2017-09-30
143,143,6400 N SHERIDAN ROAD,ROAD,41.998217920499997,-87.660695255600004,(41.9982179205, -87.6606952556),2025-06-27 21:17:51.173000000,,2,2017-09-30
144,144,4200 S CICERO AVENUE,AVENUE,41.816729386699997,-87.743536712500003,(41.8167293867, -87.7435367125),2025-06-27 21:17:51.173000000,,2,2017-09-30
145,145,4400 W OGDEN AVENUE,AVENUE,41.847777522800001,-87.734505968700006,(41.8477775228, -87.7345059687),2025-06-27 21:17:51.173000000,,2,2017-09-30
146,146,3600 N WESTERN AVENUE,AVENUE,41.946819919900001,-87.688406662099993,(41.9468199199, -87.6884066621),2025-06-27 21:17:51.173000000,,2,2017-09-30
147,147,1600 N PULASKI AVENUE,AVENUE,41.9099750102,-87.726480523099994,(41.9099750102, -87.7264805231),2025-06-27 21:17:51.173000000,,2,2017-09-30
148,148,9500 S ASHLAND AVENUE,AVENUE,41.7211606121,-87.662828139400006,(41.7211606121, -87.6628281394),2025-06-27 21:17:51.173000000,,2,2017-09-30
149,149,6300 S PULASKI RD,ROAD,41.778636468800002,-87.722906355700005,(41.7786364688, -87.7229063557),2025-06-27 21:17:51.173000000,,2,2017-09-30
150,150,4800 N CICERO AVE,AVENUE,41.968048007299998,-87.747875984700002,(41.9680480073, -87.7478759847),2025-06-27 21:17:51.173000000,,2,2017-09-30
151,151,3400 W DIVERSEY AVENUE,AVENUE,41.932087747399997,-87.712385829499993,(41.9320877474, -87.7123858295),2025-06-27 21:17:51.173000000,,2,2017-09-30
152,152,800 W 119TH STREET,STREET,41.677923389100002,-87.641989645799995,(41.6779233891, -87.6419896458),2025-06-27 21:17:51.173000000,,2,2017-09-30
153,153,1600 W MADISON,OTHER,41.881564167000001,-87.666929462900001,(41.881564167, -87.6669294629),2025-06-27 21:17:51.173000000,,2,2017-09-30
154,154,6200 N LINCOLN AVENUE,AVENUE,41.994450004100003,-87.714208439199993,(41.9944500041, -87.7142084392),2025-06-27 21:17:51.173000000,,2,2017-09-30
155,155,500 W ROOSEVELT ROAD,ROAD,41.867362692599997,-87.6392931946,(41.8673626926, -87.6392931946),2025-06-27 21:17:51.173000000,,2,2017-09-30
156,156,6000 N PULASKI ROAD,ROAD,41.990160922800001,-87.728790747600002,(41.9901609228, -87.7287907476),2025-06-27 21:17:51.173000000,,2,2017-09-30
157,157,6000 N WESTERN AVE,AVENUE,41.990586042399997,-87.689822472900005,(41.9905860424, -87.6898224729),2025-06-27 21:17:51.173000000,,2,2017-09-30
158,158,6400 N HARLEM AVE,AVENUE,41.997018918499997,-87.806947715500002,(41.9970189185, -87.8069477155),2025-06-27 21:17:51.173000000,,2,2017-09-30
159,159,2800 N WESTERN AVENUE,AVENUE,41.932216987899999,-87.688033280900001,(41.9322169879, -87.6880332809),2025-06-27 21:17:51.173000000,,2,2017-09-30
160,160,4000 W NORTH AVENUE,AVENUE,41.9099955816,-87.726394693200007,(41.9099955816, -87.7263946932),2025-06-27 21:17:51.173000000,,2,2017-09-30
161,161,6400 W ARCHER AVE,AVENUE,41.792455255500002,-87.781876849900002,(41.7924552555, -87.7818768499),2025-06-27 21:17:51.173000000,,2,2017-09-30
162,162,5600 W LAKE STREET,STREET,41.887838735300001,-87.765183663399995,(41.8878387353, -87.7651836634),2025-06-27 21:17:51.173000000,,2,2017-09-30
163,163,5200 W FULLERTON AVENUE,AVENUE,41.924215797199999,-87.756210754600005,(41.9242157972, -87.7562107546),2025-06-27 21:17:51.173000000,,2,2017-09-30
164,164,1 S WESTERN AVE,AVENUE,41.881118278800002,-87.686283338899997,(41.8811182788, -87.6862833389),2025-06-27 21:17:51.173000000,,2,2017-09-30
165,165,1 N HALSTED STREET,STREET,41.881815631599999,-87.647214716999997,(41.8818156316, -87.647214717),2025-06-27 21:17:51.173000000,,2,2017-09-30
166,166,848 W 87TH STREET,STREET,41.736157546299999,-87.645427400499997,(41.7361575463, -87.6454274005),2025-06-27 21:17:51.173000000,,2,2017-09-30
167,167,5500 S KEDZIE AVENUE,AVENUE,41.793420236800003,-87.703697508499999,(41.7934202368, -87.7036975085),2025-06-27 21:17:51.173000000,,2,2017-09-30
168,168,6000 N CALIFORNIA AVE,AVENUE,41.990527717100001,-87.699552084100006,(41.9905277171, -87.6995520841),2025-06-27 21:17:51.173000000,,2,2017-09-30
169,169,4000 W LAWRENCE AVENUE,AVENUE,41.968351285300002,-87.728091672000005,(41.9683512853, -87.728091672),2025-06-27 21:17:51.173000000,,2,2017-09-30
170,170,400 N LASALLE,OTHER,41.889225371599998,-87.632674115,(41.8892253716, -87.632674115),2025-06-27 21:17:51.173000000,,2,2017-09-30
171,171,6300 S STATE ST,STREET,41.7800082774,-87.625522511900002,(41.7800082774, -87.6255225119),2025-06-27 21:17:51.173000000,,2,2017-09-30
172,172,7100 S COTTAGE GROVE,OTHER,41.765800351300001,-87.605729127000004,(41.7658003513, -87.605729127),2025-06-27 21:17:51.173000000,,2,2017-09-30
173,173,7200 W ADDISON,OTHER,41.945373358099999,-87.807070325599994,(41.9453733581, -87.8070703256),2025-06-27 21:17:51.173000000,,2,2017-09-30
174,174,400 W BELMONT AVE,AVENUE,41.940241193299997,-87.639639114299996,(41.9402411933, -87.6396391143),2025-06-27 21:17:51.173000000,,2,2017-09-30
175,175,6700 S CORNELL DRIVE,DRIVE,41.7732514896,-87.585224599699998,(41.7732514896, -87.5852245997),2025-06-27 21:17:51.173000000,,2,2017-09-30
176,176,4700 S KEDZIE AVE,AVENUE,41.808047271699998,-87.704118822300003,(41.8080472717, -87.7041188223),2025-06-27 21:17:51.173000000,,2,2017-09-30
177,177,8300 S HALSTED STREET,STREET,41.743264490599998,-87.643974980199999,(41.7432644906, -87.6439749802),2025-06-27 21:17:51.173000000,,2,2017-09-30
178,178,2600 S KEDZIE AVENUE,AVENUE,41.844424830800001,-87.7051854523,(41.8444248308, -87.7051854523),2025-06-27 21:17:51.173000000,,2,2017-09-30
179,179,2800 N PULASKI ROAD,ROAD,41.931831025599998,-87.727126873000003,(41.9318310256, -87.727126873),2025-06-27 21:17:51.173000000,,2,2017-09-30
180,180,100 N CICERO AVENUE,AVENUE,41.881879709899998,-87.7454892473,(41.8818797099, -87.7454892473),2025-06-27 21:17:51.173000000,,2,2017-09-30
181,181,3600 N CICERO AVENUE,AVENUE,41.946163523599999,-87.747215169,(41.9461635236, -87.747215169),2025-06-27 21:17:51.173000000,,2,2017-09-30
182,182,3200 W 71ST STREET,STREET,41.764497432600002,-87.702877023400006,(41.7644974326, -87.7028770234),2025-06-27 21:17:51.173000000,,2,2017-09-30
183,183,4400 W GRAND AVE,AVENUE,41.9101814096,-87.736248870400004,(41.9101814096, -87.7362488704),2025-06-27 21:17:51.173000000,,2,2017-09-30
184,184,1600 N HALSTED STREET,STREET,41.910940643899998,-87.648419042699999,(41.9109406439, -87.6484190427),2025-06-27 21:17:51.173000000,,2,2017-09-30
185,185,5600 W FULLERTON AVENU,AVENUE,41.924090198800002,-87.766053530199997,(41.9240901988, -87.7660535302),2025-06-27 21:17:51.173000000,,2,2017-09-30
186,186,6400 N MILWAUKEE AVEN,AVENUE,41.9973821735,-87.788077673900005,(41.9973821735, -87.7880776739),2025-06-27 21:17:51.173000000,,2,2017-09-30
187,187,1600 W CORTLAND ST,STREET,41.916235337499998,-87.6678377721,(41.9162353375, -87.6678377721),2025-06-27 21:17:51.173000000,,2,2017-09-30
188,188,2000 N KEDZIE AVENUE,AVENUE,41.917446171900004,-87.707116071900003,(41.9174461719, -87.7071160719),2025-06-27 21:17:51.173000000,,2,2017-09-30
189,189,1000 W FOSTER AVE,AVENUE,41.976505115999998,-87.655031882200007,(41.976505116, -87.6550318822),2025-06-27 21:17:51.173000000,,2,2017-09-30
190,190,4400 W ROOSEVELT,OTHER,41.866140867600002,-87.735089560099993,(41.8661408676, -87.7350895601),2025-06-27 21:17:51.173000000,,2,2017-09-30
191,191,400 S WESTERN AVENUE,AVENUE,41.8760647764,-87.686415631000003,(41.8760647764, -87.686415631),2025-06-27 21:17:51.173000000,,2,2017-09-30
192,192,2400 W 63RD ST,STREET,41.779331844300003,-87.6836757608,(41.7793318443, -87.6836757608),2025-06-27 21:17:51.173000000,,2,2017-09-30
193,193,2000 E 79TH STREET,STREET,41.7517165593,-87.575923074499997,(41.7517165593, -87.5759230745),2025-06-27 21:17:51.173000000,,2,2017-09-30
194,194,10300 S HALSTED STREE,STREET,,,(, ),2025-06-27 21:17:51.173000000,,2,2017-09-30
195,195,7200 N WESTERN AVENUE,AVENUE,42.012371334800001,-87.690393917400002,(42.0123713348, -87.6903939174),2025-06-27 21:17:51.173000000,,2,2017-09-30
196,196,3200 W 55TH STREET,STREET,41.793622803300003,-87.7036181406,(41.7936228033, -87.7036181406),2025-06-27 21:17:51.173000000,,2,2017-09-30
197,197,4000 N CLARK STREET,STREET,41.954432441400002,-87.662446259099994,(41.9544324414, -87.6624462591),2025-06-27 21:17:51.173000000,,2,2017-09-30
198,198,4440 W LAWRENCE AVENUE,AVENUE,41.968226397499997,-87.739599250699996,(41.9682263975, -87.7395992507),2025-06-27 21:17:51.173000000,,2,2017-09-30
199,199,6300 S WESTERN AVE,AVENUE,41.779123483799999,-87.683783098600003,(41.7791234838, -87.6837830986),2025-06-27 21:17:51.173000000,,2,2017-09-30
200,200,1200 S KOSTNER,OTHER,41.8659388389,-87.735108549000003,(41.8659388389, -87.735108549),2025-06-27 21:17:51.173000000,,2,2017-09-30
201,201,4000 W ROOSEVELT ROAD,ROAD,41.866281002699999,-87.725234219800001,(41.8662810027, -87.7252342198),2025-06-27 21:17:51.173000000,,2,2017-09-30
202,202,7100 S WESTERN AVENUE,AVENUE,41.764608912200003,-87.683387053299995,(41.7646089122, -87.6833870533),2025-06-27 21:17:51.173000000,,2,2017-09-30
203,203,7900 S STATE STREET,STREET,41.750918138300001,-87.624690122499999,(41.7509181383, -87.6246901225),2025-06-27 21:17:51.173000000,,2,2017-09-30
204,204,800 N WESTERN AVE,AVENUE,41.895786954899997,-87.686990586099995,(41.8957869549, -87.6869905861),2025-06-27 21:17:51.173000000,,2,2017-09-30
205,205,6300 S KEDZIE AVE,AVENUE,41.778945750200002,-87.703283119000005,(41.7789457502, -87.703283119),2025-06-27 21:17:51.173000000,,2,2017-09-30
206,206,4000 W 63RD ST,STREET,41.778767390100001,-87.722823195299995,(41.7787673901, -87.7228231953),2025-06-27 21:17:51.173000000,,2,2017-09-30
207,207,5600 W DIVERSEY AVENUE,AVENUE,41.931385976800001,-87.766310531599999,(41.9313859768, -87.7663105316),2025-06-27 21:17:51.173000000,,2,2017-09-30
208,208,1 E 63RD ST,STREET,41.7799491046,-87.625289553299993,(41.7799491046, -87.6252895533),2025-06-27 21:17:51.173000000,,2,2017-09-30
209,209,2200 S WESTERN AVENUE,AVENUE,41.851983839600003,-87.685785704200001,(41.8519838396, -87.6857857042),2025-06-27 21:17:51.173000000,,2,2017-09-30
210,210,6000 W ADDISON STREET,STREET,41.945879675599997,-87.776627420899999,(41.9458796756, -87.7766274209),2025-06-27 21:17:51.173000000,,2,2017-09-30
211,211,2400 W ADDISON,OTHER,41.946839990999997,-87.688320192500001,(41.946839991, -87.6883201925),2025-06-27 21:17:51.173000000,,2,2017-09-30
212,212,800 W 115TH STREET,STREET,41.685190055699998,-87.642279564000006,(41.6851900557, -87.642279564),2025-06-27 21:17:51.173000000,,2,2017-09-30
213,213,4800 N PULASKI ROAD,ROAD,41.968262595100001,-87.728175315800001,(41.9682625951, -87.7281753158),2025-06-27 21:17:51.173000000,,2,2017-09-30
214,214,7900 S STONEY ISLAND,OTHER,41.751460603200002,-87.585971993000001,(41.7514606032, -87.585971993),2025-06-27 21:17:51.173000000,,2,2017-09-30
215,215,6400 W DEVON AVENUE,AVENUE,41.997463981000003,-87.787610243399996,(41.997463981, -87.7876102434),2025-06-27 21:17:51.173000000,,2,2017-09-30
216,216,6800 N WESTERN AVENUE,AVENUE,42.005076122699997,-87.690219030199998,(42.0050761227, -87.6902190302),2025-06-27 21:17:51.173000000,,2,2017-09-30
217,217,5000 S ARCHER AVE,AVENUE,41.802365973299999,-87.723576766099995,(41.8023659733, -87.7235767661),2025-06-27 21:17:51.173000000,,2,2017-09-30
218,218,4000 W 55TH ST,STREET,41.793313333599997,-87.723223038100002,(41.7933133336, -87.7232230381),2025-06-27 21:17:51.173000000,,2,2017-09-30
219,219,0 N HAMLIN BOULEVARD,BOULEVARD,41.880841476900002,-87.720902184600007,(41.8808414769, -87.7209021846),2025-06-27 21:17:51.173000000,,2,2017-09-30
220,220,2800 W DIVERSEY,OTHER,41.932205395099999,-87.697679243899998,(41.9322053951, -87.6976792439),2025-06-27 21:17:51.173000000,,2,2017-09-30
221,221,3600 N ELSTON AVE,AVENUE,41.946549164799997,-87.708952625999999,(41.9465491648, -87.708952626),2025-06-27 21:17:51.173000000,,2,2017-09-30
222,222,0 N ASHLAND AVE,AVENUE,41.881498729199997,-87.666951221900007,(41.8814987292, -87.6669512219),2025-06-27 21:17:51.173000000,,2,2017-09-30
223,223,4000 N CENTRAL AVENUE,AVENUE,41.953272751,-87.767150151300001,(41.953272751, -87.7671501513),2025-06-27 21:17:51.173000000,,2,2017-09-30
224,224,6400 N WESTERN AVENUE,AVENUE,41.997817806999997,-87.690033034699994,(41.997817807, -87.6900330347),2025-06-27 21:17:51.173000000,,2,2017-09-30
225,225,2400 W 55TH STREET,STREET,41.793981346599999,-87.684141741299996,(41.7939813466, -87.6841417413),2025-06-27 21:17:51.173000000,,2,2017-09-30
226,226,5200 N NAGLE,OTHER,41.975685669699999,-87.788020406200005,(41.9756856697, -87.7880204062),2025-06-27 21:17:51.173000000,,2,2017-09-30
227,227,7900 S SOUTH CHICAGO AVE,AVENUE,41.751339704599999,-87.585632265699999,(41.7513397046, -87.5856322657),2025-06-27 21:17:51.173000000,,2,2017-09-30
228,228,30 W 87TH STREET,STREET,41.736376036599999,-87.625621310900002,(41.7363760366, -87.6256213109),2025-06-27 21:17:51.173000000,,2,2017-09-30
229,229,5600 W BELMONT AVENUE,AVENUE,41.938683774799998,-87.766562493799995,(41.9386837748, -87.7665624938),2025-06-27 21:17:51.173000000,,2,2017-09-30
230,230,3100 S ASHLAND AVENUE,AVENUE,41.8376223442,-87.665887180499993,(41.8376223442, -87.6658871805),2025-06-27 21:17:51.173000000,,2,2017-09-30
231,231,1600 N KOSTNER,OTHER,41.909788303900001,-87.736404667399995,(41.9097883039, -87.7364046674),2025-06-27 21:17:51.173000000,,2,2017-09-30
232,232,300 N HAMLIN AVENUE,AVENUE,41.885282635800003,-87.721069538500004,(41.8852826358, -87.7210695385),2025-06-27 21:17:51.173000000,,2,2017-09-30
233,233,3200 W ARMITAGE AVENUE,AVENUE,41.917511022900001,-87.707053638900007,(41.9175110229, -87.7070536389),2025-06-27 21:17:51.173000000,,2,2017-09-30
234,234,2400 N CENTRAL AVENUE,AVENUE,41.924068922300002,-87.766141214100003,(41.9240689223, -87.7661412141),2025-06-27 21:17:51.173000000,,2,2017-09-30
235,235,800 N SACRAMENTO AVEN,AVENUE,41.895640713900001,-87.702352327699998,(41.8956407139, -87.7023523277),2025-06-27 21:17:51.173000000,,2,2017-09-30
236,236,4000 W IRVING PARK RD,ROAD,41.953756874500002,-87.727698513099995,(41.9537568745, -87.7276985131),2025-06-27 21:17:51.173000000,,2,2017-09-30
237,237,2400 W 71ST STREET,STREET,41.764810388299999,-87.6833087694,(41.7648103883, -87.6833087694),2025-06-27 21:17:51.173000000,,2,2017-09-30
238,238,5600 W IRVING PARK ROAD,ROAD,41.953292847299998,-87.7670657078,(41.9532928473, -87.7670657078),2025-06-27 21:17:51.173000000,,2,2017-09-30
239,239,9500 S HALSTED STREET,STREET,41.721365060799997,-87.643358042299994,(41.7213650608, -87.6433580423),2025-06-27 21:17:51.173000000,,2,2017-09-30
240,240,6700 S WESTERN AVENUE,AVENUE,41.771884027699997,-87.6835884021,(41.7718840277, -87.6835884021),2025-06-27 21:17:51.173000000,,2,2017-09-30
241,241,1 E 75TH STREET,STREET,41.758074110999999,-87.624671658400004,(41.758074111, -87.6246716584),2025-06-27 21:17:51.173000000,,2,2017-09-30
242,242,2000 W DIVERSEY PARKWAY,PARKWAY,41.932394164000002,-87.678173030899998,(41.932394164, -87.6781730309),2025-06-27 21:17:51.173000000,,2,2017-09-30
243,243,1600 E 83RD STREET,STREET,41.744315874599998,-87.585316041300004,(41.7443158746, -87.5853160413),2025-06-27 21:17:51.173000000,,2,2017-09-30
244,244,800 W 111TH ST,STREET,41.692465363399997,-87.642440901100002,(41.6924653634, -87.6424409011),2025-06-27 21:17:51.173000000,,2,2017-09-30
245,245,7900 S HALSTED STREET,STREET,41.7505495594,-87.644188367799998,(41.7505495594, -87.6441883678),2025-06-27 21:17:51.173000000,,2,2017-09-30
246,246,1 E 79TH STREET,STREET,41.750852095500001,-87.624463832100005,(41.7508520955, -87.6244638321),2025-06-27 21:17:51.173000000,,2,2017-09-30
247,247,2400 W LAWRENCE AVENUE,AVENUE,41.968724348800002,-87.688968727000002,(41.9687243488, -87.688968727),2025-06-27 21:17:51.173000000,,2,2017-09-30
248,248,2416 S DAMEN AVENUE,AVENUE,41.848080595600003,-87.675881337999996,(41.8480805956, -87.675881338),2025-06-27 21:17:51.173000000,,2,2017-09-30
249,249,2000 N WESTERN AVENUE,AVENUE,41.917603817900002,-87.6875578776,(41.9176038179, -87.6875578776),2025-06-27 21:17:51.173000000,,2,2017-09-30
250,250,800 W NORTH AVENUE,AVENUE,41.911028509799998,-87.648335806000006,(41.9110285098, -87.648335806),2025-06-27 21:17:51.173000000,,2,2017-09-30
251,251,5600 W MADISON STREET,STREET,41.880354556299999,-87.764948136300006,(41.8803545563, -87.7649481363),2025-06-27 21:17:51.173000000,,2,2017-09-30
252,252,3100 S ARCHER AVENUE,AVENUE,41.837732674999998,-87.665894449999996,(41.837732675, -87.66589445),2025-06-27 21:17:51.173000000,,2,2017-09-30
253,253,4400 N WESTERN AVENUE,AVENUE,41.961401846299999,-87.688832622800007,(41.9614018463, -87.6888326228),2025-06-27 21:17:51.173000000,,2,2017-09-30
254,254,2400 W VAN BUREN STREET,STREET,41.876191975200001,-87.686337851900007,(41.8761919752, -87.6863378519),2025-06-27 21:17:51.173000000,,2,2017-09-30
255,255,600 S CICERO AVENUE,AVENUE,41.873094832500001,-87.7451438688,(41.8730948325, -87.7451438688),2025-06-27 21:17:51.173000000,,2,2017-09-30
256,256,500 N COLUMBUS DRIVE,DRIVE,41.891044569100004,-87.620371839100002,(41.8910445691, -87.6203718391),2025-06-27 21:17:51.173000000,,2,2017-09-30
257,257,4800 N ASHLAND AVENUE,AVENUE,41.9690234296,-87.669590433500005,(41.9690234296, -87.6695904335),2025-06-27 21:17:51.173000000,,2,2017-09-30
258,258,1600 W 87TH ST,STREET,41.735898617099998,-87.663128780899996,(41.7358986171, -87.6631287809),2025-06-27 21:17:51.173000000,,2,2017-09-30
259,259,5600 W CHICAGO AVENUE,AVENUE,41.894962293500001,-87.765460791199999,(41.8949622935, -87.7654607912),2025-06-27 21:17:51.173000000,,2,2017-09-30
260,260,3900 S WESTERN BLVD,BOULEVARD,41.822963627900002,-87.684384785399999,(41.8229636279, -87.6843847854),2025-06-27 21:17:51.173000000,,2,2017-09-30
261,261,5200 N WESTERN AVE,AVENUE,41.975933372,-87.689299589200004,(41.975933372, -87.6892995892),2025-06-27 21:17:51.173000000,,2,2017-09-30
262,262,5500 S PULASKI,OTHER,41.793155060700002,-87.723303764600004,(41.7931550607, -87.7233037646),2025-06-27 21:17:51.173000000,,2,2017-09-30
263,263,4400 W NORTH,OTHER,41.909863573400003,-87.736380296099995,(41.9098635734, -87.7363802961),2025-06-27 21:17:51.173000000,,2,2017-09-30
264,264,4000 N ELSTON AVENUE,AVENUE,41.953687265600003,-87.719297881499998,(41.9536872656, -87.7192978815),2025-06-27 21:17:51.173000000,,2,2017-09-30
265,265,6400 N CALIFORNIA AVE,AVENUE,41.997649133000003,-87.699792628899999,(41.997649133, -87.6997926289),2025-06-27 21:17:51.173000000,,2,2017-09-30
266,266,1200 W DEVON AVE,AVENUE,41.998298227699998,-87.660611660599997,(41.9982982277, -87.6606116606),2025-06-27 21:17:51.173000000,,2,2017-09-30
267,267,2400 W NORTH AVE,AVENUE,41.910429862400001,-87.687284220500004,(41.9104298624, -87.6872842205),2025-06-27 21:17:51.173000000,,2,2017-09-30
268,268,5200 W MADISON STREET,STREET,41.880480751699999,-87.755130433000005,(41.8804807517, -87.755130433),2025-06-27 21:17:51.173000000,,2,2017-09-30
269,269,4932 W FOSTER AVENUE,AVENUE,41.975394608000002,-87.751746598899999,(41.975394608, -87.7517465989),2025-06-27 21:17:51.173000000,,2,2017-09-30
270,270,3200 W 31ST STREET,STREET,41.837339500299997,-87.704950557999993,(41.8373395003, -87.704950558),2025-06-27 21:17:51.173000000,,2,2017-09-30
271,271,3100 S KEDZIE AVENUE,AVENUE,41.837132671399999,-87.704967114799999,(41.8371326714, -87.7049671148),2025-06-27 21:17:51.173000000,,2,2017-09-30
272,272,6300 S ASHLAND AVE,AVENUE,41.779372220500001,-87.664365347399993,(41.7793722205, -87.6643653474),2025-06-27 21:17:51.173000000,,2,2017-09-30
273,273,7500 S STATE STREET,STREET,41.758092176399998,-87.6249022282,(41.7580921764, -87.6249022282),2025-06-27 21:17:51.173000000,,2,2017-09-30
274,274,4400 N MILWAUKEE AVEN,AVENUE,41.960617229699999,-87.754638240099993,(41.9606172297, -87.7546382401),2025-06-27 21:17:51.173000000,,2,2017-09-30
275,275,8700 S ASHLAND AVE,AVENUE,41.735696988599997,-87.663209544500006,(41.7356969886, -87.6632095445),2025-06-27 21:17:51.173000000,,2,2017-09-30
276,276,2400 N ASHLAND AVENUE,AVENUE,41.925193889799999,-87.668294363399994,(41.9251938898, -87.6682943634),2025-06-27 21:17:51.173000000,,2,2017-09-30
277,277,4000 W PETERSON AVENUE,AVENUE,41.990244185599998,-87.728714390999997,(41.9902441856, -87.728714391),2025-06-27 21:17:51.173000000,,2,2017-09-30
278,278,2200 S PULASKI,OTHER,41.851521442299997,-87.724904786699994,(41.8515214423, -87.7249047867),2025-06-27 21:17:51.173000000,,2,2017-09-30
279,279,2400 N WESTERN AVENUE,AVENUE,41.9249359441,-87.687790254700005,(41.9249359441, -87.6877902547),2025-06-27 21:17:51.173000000,,2,2017-09-30
280,280,150 N SACRAMENTO BOUL,BOULEVARD,41.884012177700001,-87.701436478700003,(41.8840121777, -87.7014364787),2025-06-27 21:17:51.173000000,,2,2017-09-30
281,281,7900 S WESTERN AVE,AVENUE,41.750054933599998,-87.682992202899996,(41.7500549336, -87.6829922029),2025-06-27 21:17:51.173000000,,2,2017-09-30
282,282,5500 S WESTERN AVE,AVENUE,41.793370554299997,-87.684175376799999,(41.7933705543, -87.6841753768),2025-06-27 21:17:51.173000000,,2,2017-09-30
283,283,6300 S HALSTED STREET,STREET,41.779657500399999,-87.644930992799999,(41.7796575004, -87.6449309928),2025-06-27 21:17:51.173000000,,2,2017-09-30
284,284,2000 N CICERO AVENUE,AVENUE,41.916973324499999,-87.746260222499998,(41.9169733245, -87.7462602225),2025-06-27 21:17:51.173000000,,2,2017-09-30
285,285,6400 W FULLERTON AVENU,AVENUE,41.923786188699999,-87.785567205600003,(41.9237861887, -87.7855672056),2025-06-27 21:17:51.173000000,,2,2017-09-30
286,286,2400 W MARQUETTE ROAD,ROAD,41.7720862141,-87.683508857800007,(41.7720862141, -87.6835088578),2025-06-27 21:17:51.173000000,,2,2017-09-30
287,287,3200 W 47TH ST,STREET,41.8082262462,-87.704031672200003,(41.8082262462, -87.7040316722),2025-06-27 21:17:51.173000000,,2,2017-09-30
288,288,2348 S KOSTNER AVENUE,AVENUE,41.848068845,-87.7345474575,(41.848068845, -87.7345474575),2025-06-27 21:17:51.173000000,,2,2017-09-30
289,289,4000 N ASHLAND AVENUE,AVENUE,41.954379326199998,-87.669199119799998,(41.9543793262, -87.6691991198),2025-06-27 21:17:51.173000000,,2,2017-09-30
290,290,2400 W MADISON,OTHER,41.881270504299998,-87.686535940200002,(41.8812705043, -87.6865359402),2025-06-27 21:17:51.173000000,,2,2017-09-30
291,291,5200 N ELSTON AVENUE,AVENUE,41.975258095299999,-87.751990557200003,(41.9752580953, -87.7519905572),2025-06-27 21:17:51.173000000,,2,2017-09-30
292,292,1142 W IRVING PARK,PARKWAY,41.954540866199999,-87.658572521400004,(41.9545408662, -87.6585725214),2025-06-27 21:18:01.840000000,,3,2017-09-30
293,293,215 E 63RD ST,STREET,41.7800569869,-87.619754720399996,(41.7800569869, -87.6197547204),2025-06-27 21:18:01.840000000,,3,2017-09-30
294,294,4674 W PETERSON AVE,AVENUE,41.990042673700003,-87.745334318600001,(41.9900426737, -87.7453343186),2025-06-27 21:18:01.840000000,,3,2017-09-30
295,295,4707 W PETERSON AVE,AVENUE,41.989807669100003,-87.746225803800002,(41.9898076691, -87.7462258038),2025-06-27 21:18:01.840000000,,3,2017-09-30
296,296,3111 N ASHLAND AVE,AVENUE,41.9382533056,-87.668463201799995,(41.9382533056, -87.6684632018),2025-06-27 21:18:01.840000000,,3,2017-09-30
297,297,3230 N MILWAUKEE AVE,AVENUE,41.939699007100003,-87.725074339200006,(41.9396990071, -87.7250743392),2025-06-27 21:18:01.840000000,,3,2017-09-30
298,298,5885 N RIDGE AVE,AVENUE,41.988904472500003,-87.668455724699996,(41.9889044725, -87.6684557247),2025-06-27 21:18:01.840000000,,3,2017-09-30
299,299,4042 W NORTH AVE,AVENUE,41.909972424499998,-87.728050409700003,(41.9099724245, -87.7280504097),2025-06-27 21:18:01.840000000,,3,2017-09-30
300,300,2108 S WESTERN AVE,AVENUE,41.853572622400002,-87.685827854600007,(41.8535726224, -87.6858278546),2025-06-27 21:18:01.840000000,,3,2017-09-30
301,301,1635 N ASHLAND AVE,AVENUE,41.911684016000002,-87.667573430000004,(41.911684016, -87.66757343),2025-06-27 21:18:01.840000000,,3,2017-09-30
302,302,324 E ILLINOIS ST,STREET,41.891134483999998,-87.619089439999996,(41.891134484, -87.61908944),2025-06-27 21:18:01.840000000,,3,2017-09-30
303,303,1315 W GARFIELD BLVD,BOULEVARD,41.793645091400002,-87.657860763900004,(41.7936450914, -87.6578607639),2025-06-27 21:18:01.840000000,,3,2017-09-30
304,304,5532 S KEDZIE AVE,AVENUE,41.792519996899998,-87.703676403299994,(41.7925199969, -87.7036764033),2025-06-27 21:18:01.840000000,,3,2017-09-30
305,305,4429 N BROADWAY,BROADWAY,41.962596548699999,-87.655517675200002,(41.9625965487, -87.6555176752),2025-06-27 21:18:01.840000000,,3,2017-09-30
306,306,8345 S ASHLAND AVE,AVENUE,41.741741651399998,-87.663073329300005,(41.7417416514, -87.6630733293),2025-06-27 21:18:01.840000000,,3,2017-09-30
307,307,1507 W 83rd ST,STREET,41.742993034900003,-87.661137759699997,(41.7429930349, -87.6611377597),2025-06-27 21:18:01.840000000,,3,2017-09-30
308,308,4909 N CICERO AVE,AVENUE,41.970134735800002,-87.747723797099994,(41.9701347358, -87.7477237971),2025-06-27 21:18:01.840000000,,3,2017-09-30
309,309,3535 E 95TH ST,STREET,41.722818322400002,-87.5375674653,(41.7228183224, -87.5375674653),2025-06-27 21:18:01.840000000,,3,2017-09-30
310,310,2417 W 103RD ST,STREET,41.7062676607,-87.682391472399999,(41.7062676607, -87.6823914724),2025-06-27 21:18:01.840000000,,3,2017-09-30
311,311,1901 E 75TH ST,STREET,41.758740770099998,-87.578518590399995,(41.7587407701, -87.5785185904),2025-06-27 21:18:01.840000000,,3,2017-09-30
312,312,18 W SUPERIOR ST,STREET,41.8957790252,-87.628925202900007,(41.8957790252, -87.6289252029),2025-06-27 21:18:01.840000000,,3,2017-09-30
313,313,4123 N CENTRAL AVE,AVENUE,41.955725644799998,-87.766938123499997,(41.9557256448, -87.7669381235),2025-06-27 21:18:01.840000000,,3,2017-09-30
314,314,3115 N NARRAGANSETT AVE,AVENUE,41.936950842000002,-87.785740890599996,(41.936950842, -87.7857408906),2025-06-27 21:18:01.840000000,,3,2017-09-30
315,315,1117 S PULASKI RD,ROAD,41.867401835000003,-87.725083687899996,(41.867401835, -87.7250836879),2025-06-27 21:18:01.840000000,,3,2017-09-30
316,316,2335 W CERMAK RD,ROAD,41.851929523300001,-87.6846476626,(41.8519295233, -87.6846476626),2025-06-27 21:18:01.840000000,,3,2017-09-30
317,317,1638 N ASHLAND AVE,AVENUE,41.911792044499997,-87.667870459,(41.9117920445, -87.667870459),2025-06-27 21:18:01.840000000,,3,2017-09-30
318,318,4446 N BROADWAY,BROADWAY,41.962880635200001,-87.656024450000004,(41.9628806352, -87.65602445),2025-06-27 21:18:01.840000000,,3,2017-09-30
319,319,3542 E 95TH ST,STREET,41.7230446198,-87.537040758299995,(41.7230446198, -87.5370407583),2025-06-27 21:18:01.840000000,,3,2017-09-30
320,320,3212 W 55TH ST,STREET,41.793614646100004,-87.704170355000002,(41.7936146461, -87.704170355),2025-06-27 21:18:01.840000000,,3,2017-09-30
321,321,5739 N NORTHWEST HWY,HIGHWAY,41.986119388500001,-87.787740826700002,(41.9861193885, -87.7877408267),2025-06-27 21:18:01.840000000,,3,2017-09-30
322,322,4124 W FOSTER AVE,AVENUE,41.975605301900003,-87.731669794799998,(41.9756053019, -87.7316697948),2025-06-27 21:18:01.840000000,,3,2017-09-30
323,323,3116 N NARRAGANSETT AVE,AVENUE,41.937004350199999,-87.786036721900004,(41.9370043502, -87.7860367219),2025-06-27 21:18:01.840000000,,3,2017-09-30
324,324,3200 S ARCHER AVE,AVENUE,41.835958018500001,-87.668790266499997,(41.8359580185, -87.6687902665),2025-06-27 21:18:01.840000000,,3,2017-09-30
325,325,732 N PULASKI RD,ROAD,41.894503308799997,-87.726204522499998,(41.8945033088, -87.7262045225),2025-06-27 21:18:01.840000000,,3,2017-09-30
326,326,341 W 76th ST,STREET,41.756158269300002,-87.633586263500007,(41.7561582693, -87.6335862635),2025-06-27 21:18:01.840000000,,3,2017-09-30
327,327,2416 W 103RD ST,STREET,41.7064872005,-87.682391059300002,(41.7064872005, -87.6823910593),2025-06-27 21:18:01.840000000,,3,2017-09-30
328,328,324 S KEDZIE AVE,AVENUE,41.876598942299999,-87.706142678600003,(41.8765989423, -87.7061426786),2025-06-27 21:18:01.840000000,,3,2017-09-30
329,329,2115 S WESTERN AVE,AVENUE,41.853384938799998,-87.685529681999995,(41.8533849388, -87.685529682),2025-06-27 21:18:01.840000000,,3,2017-09-30
330,330,1229 N WESTERN AVE,AVENUE,41.9038780793,-87.686902741799997,(41.9038780793, -87.6869027418),2025-06-27 21:18:01.840000000,,3,2017-09-30
331,331,515 S CENTRAL AVE,AVENUE,41.873329240099999,-87.764460415200006,(41.8733292401, -87.7644604152),2025-06-27 21:18:01.840000000,,3,2017-09-30
332,332,4053 W NORTH AVE,AVENUE,41.9097456744,-87.728563295100003,(41.9097456744, -87.7285632951),2025-06-27 21:18:01.840000000,,3,2017-09-30
333,333,2448 N CLYBOURN AVE,AVENUE,41.926153342900001,-87.6709380872,(41.9261533429, -87.6709380872),2025-06-27 21:18:01.840000000,,3,2017-09-30
334,334,19 W CHICAGO AVE,AVENUE,41.896556107099997,-87.629025903799999,(41.8965561071, -87.6290259038),2025-06-27 21:18:01.840000000,,3,2017-09-30
335,335,2329 W DIVISION ST,STREET,41.9029294089,-87.685761879699996,(41.9029294089, -87.6857618797),2025-06-27 21:18:01.840000000,,3,2017-09-30
336,336,2326 W CERMAK RD,ROAD,41.852153505099999,-87.684338389100006,(41.8521535051, -87.6843383891),2025-06-27 21:18:01.840000000,,3,2017-09-30
337,337,4040 W CHICAGO AVE,AVENUE,41.895448620899998,-87.727658470899996,(41.8954486209, -87.7276584709),2025-06-27 21:18:01.840000000,,3,2017-09-30
338,338,8318 S ASHLAND AVE,AVENUE,41.7424738546,-87.663385480000002,(41.7424738546, -87.66338548),2025-06-27 21:18:01.840000000,,3,2017-09-30
339,339,6125 N CICERO AVE,AVENUE,41.992090875300001,-87.748182490199994,(41.9920908753, -87.7481824902),2025-06-27 21:18:01.840000000,,3,2017-09-30
340,340,3217 W 55TH ST,STREET,41.793392372100001,-87.704348421399999,(41.7933923721, -87.7043484214),2025-06-27 21:18:01.840000000,,3,2017-09-30
341,341,506 S CENTRAL AVE,AVENUE,41.873581418100002,-87.764761968499997,(41.8735814181, -87.7647619685),2025-06-27 21:18:01.840000000,,3,2017-09-30
342,342,5025 S WESTERN AVE,AVENUE,41.802174029900002,-87.684106557700005,(41.8021740299, -87.6841065577),2025-06-27 21:18:01.840000000,,3,2017-09-30
343,343,3130 N ASHLAND AVE,AVENUE,41.938805467500003,-87.668778779299998,(41.9388054675, -87.6687787793),2025-06-27 21:18:01.840000000,,3,2017-09-30
344,344,346 W 76th ST,STREET,41.756374355399998,-87.633816584800002,(41.7563743554, -87.6338165848),2025-06-27 21:18:01.840000000,,3,2017-09-30
345,345,1754 N PULASKI RD,ROAD,41.913374830499997,-87.726588599899998,(41.9133748305, -87.7265885999),2025-06-27 21:18:01.840000000,,3,2017-09-30
346,346,2445 W 51ST ST,STREET,41.801012880499997,-87.686070604899996,(41.8010128805, -87.6860706049),2025-06-27 21:18:01.840000000,,3,2017-09-30
347,347,2109 E 87TH ST,STREET,41.7369870912,-87.572901178099997,(41.7369870912, -87.5729011781),2025-06-27 21:18:01.840000000,,3,2017-09-30
348,348,1226 N WESTERN AVE,AVENUE,41.903817102799998,-87.687194997800006,(41.9038171028, -87.6871949978),2025-06-27 21:18:01.840000000,,3,2017-09-30
349,349,1110 S PULASKI RD,ROAD,41.867602722400001,-87.725382743300003,(41.8676027224, -87.7253827433),2025-06-27 21:18:01.840000000,,3,2017-09-30
350,350,6514 W BELMONT AVE,AVENUE,41.938377159300003,-87.789118712900006,(41.9383771593, -87.7891187129),2025-06-27 21:18:01.840000000,,3,2017-09-30
351,351,1440 W CERMAK RD,ROAD,41.85250181,-87.662810318400005,(41.85250181, -87.6628103184),2025-06-27 21:18:01.840000000,,3,2017-09-30
352,352,6510 W BRYN MAWR AVE,AVENUE,41.982994526699997,-87.790832088200006,(41.9829945267, -87.7908320882),2025-06-27 21:18:01.840000000,,3,2017-09-30
353,353,5454 W IRVING PARK,PARKWAY,41.953329544500001,-87.764267264300003,(41.9533295445, -87.7642672643),2025-06-27 21:18:01.840000000,,3,2017-09-30
354,354,3810 W BELMONT AVE,AVENUE,41.939258230699998,-87.722781427900003,(41.9392582307, -87.7227814279),2025-06-27 21:18:01.840000000,,3,2017-09-30
355,355,14 W CHICAGO AVE,AVENUE,41.896779127499997,-87.628781248600006,(41.8967791275, -87.6287812486),2025-06-27 21:18:01.840000000,,3,2017-09-30
356,356,3809 W BELMONT AVE,AVENUE,41.939040255999998,-87.722645910799997,(41.939040256, -87.7226459108),2025-06-27 21:18:01.840000000,,3,2017-09-30
357,357,4041 W CHICAGO AVE,AVENUE,41.895227989600002,-87.727715334300001,(41.8952279896, -87.7277153343),2025-06-27 21:18:01.840000000,,3,2017-09-30
358,358,2440 W 51ST ST,STREET,41.801235748000003,-87.685895779199996,(41.801235748, -87.6858957792),2025-06-27 21:18:01.840000000,,3,2017-09-30
359,359,1334 W GARFIELD BLVD,BOULEVARD,41.794226466399998,-87.658709998899994,(41.7942264664, -87.6587099989),2025-06-27 21:18:01.840000000,,3,2017-09-30
360,360,4620 W BELMONT AVE,AVENUE,41.938988390799999,-87.743121422599998,(41.9389883908, -87.7431214226),2025-06-27 21:18:01.840000000,,3,2017-09-30
361,361,2712 W IRVING PARK,PARKWAY,41.954092657099999,-87.6965965017,(41.9540926571, -87.6965965017),2025-06-27 21:18:01.840000000,,3,2017-09-30
362,362,4042 W ROOSEVELT RD,ROAD,41.866257378199997,-87.726878820099998,(41.8662573782, -87.7268788201),2025-06-27 21:18:01.840000000,,3,2017-09-30
363,363,6443 W BELMONT AVE,AVENUE,41.938181258500002,-87.787655485000002,(41.9381812585, -87.787655485),2025-06-27 21:18:01.840000000,,3,2017-09-30
364,364,319 E ILLINOIS ST,STREET,41.890910095700001,-87.619347521500003,(41.8909100957, -87.6193475215),2025-06-27 21:18:01.840000000,,3,2017-09-30
365,365,6226 W IRVING PARK RD,ROAD,41.953074825599998,-87.782825537700006,(41.9530748256, -87.7828255377),2025-06-27 21:18:01.840000000,,3,2017-09-30
366,366,2705 W IRVING PARK,PARKWAY,41.953875264600001,-87.696204088599998,(41.9538752646, -87.6962040886),2025-06-27 21:18:01.840000000,,3,2017-09-30
367,367,9618 S EWING AVE,AVENUE,41.720756805599997,-87.535436787400002,(41.7207568056, -87.5354367874),2025-06-27 21:18:01.840000000,,3,2017-09-30
368,368,3047 W JACKSON BLVD,BOULEVARD,41.877242773799999,-87.702952688600007,(41.8772427738, -87.7029526886),2025-06-27 21:18:01.840000000,,3,2017-09-30
369,369,4831 W LAWRENCE AVE,AVENUE,41.967902327899999,-87.749078976600003,(41.9679023279, -87.7490789766),2025-06-27 21:18:01.840000000,,3,2017-09-30
370,370,5420 S RACINE AVE,AVENUE,41.795332774800002,-87.655040978599999,(41.7953327748, -87.6550409786),2025-06-27 21:18:01.840000000,,3,2017-09-30
